{
    "µW_per_ohm": [
        6.29445545179845,
        6.295980695729447,
        6.303466773969513,
        6.31170340527983,
        6.320470236324182,
        6.330427670734478,
        6.336500614214224,
        6.343743272301815,
        6.347979892914005,
        6.353805671517432,
        6.359534980644783,
        6.367200115408326,
        6.3738046013824725,
        6.3779924964951675,
        6.381322314002003,
        6.385961854572024,
        6.406135719571927,
        6.405394473115645,
        6.407260549824351,
        6.409045239001801,
        6.409167154321432,
        6.40795970443502,
        6.421555563715178,
        6.417197681481433,
        6.420109248229513,
        6.415870206738659,
        6.417081707000123,
        6.433895733414048,
        6.437926430454232,
        6.446306635849509,
        6.455502736344813,
        6.474924266487559,
        6.476439974882137,
        6.485243733315828,
        6.502192538093277,
        6.513036686356159,
        6.526546202497355,
        6.559955120545175
    ],
    "v_mean_arr": [
        2.144373377941784e-05,
        4.8721363059747735e-05,
        8.340949459678161e-05,
        0.00011284092699645732,
        0.0001297245795333482,
        0.00013924468992782688,
        0.00015157127147635418,
        0.0001615079578286997,
        0.00017014686343329197,
        0.00016913247088495064,
        0.00017518299525721656,
        0.00017949591563374802,
        0.00018693940695486895,
        0.00019279648881936618,
        0.0002030678539475834,
        0.00020443611739515683,
        0.0002080592495031223,
        0.0002189728322438216,
        0.0002176716249250913,
        0.00020837868675878995,
        0.00021635548073038085,
        0.00021225647379745412,
        0.00020073324856293144,
        0.0001983290844928685,
        0.00019314780927544536,
        0.00018095296030946128,
        0.00017528527897434437,
        0.0001674521380729469,
        0.0001551896378378384,
        0.00014451099275225148,
        0.00013486386500691398,
        0.00012186483931117436,
        0.0001120011285136455,
        0.00010484994755994003,
        8.257437742539739e-05,
        3.685976187150812e-05,
        1.129034293662796e-07,
        -6.567949446367914e-06
    ],
    "v_err_arr": [
        2.6361586659605016e-06,
        1.476233558839551e-06,
        3.0385682519958953e-06,
        1.8527990007095117e-06,
        3.2847313888227426e-06,
        5.01767577803685e-06,
        3.0050268947253007e-06,
        5.772932902336734e-06,
        2.450668725078798e-06,
        4.334198075649647e-06,
        3.2873076214623536e-06,
        3.2476837336029448e-06,
        4.149256900505421e-06,
        4.896075502534958e-06,
        3.4178086566113687e-06,
        1.7757878246028053e-06,
        4.189224058100592e-06,
        2.818979333911501e-06,
        3.78138087034194e-06,
        4.063698892402335e-06,
        3.3590669183363435e-06,
        2.3015469445046673e-06,
        3.2097914219715284e-06,
        4.0760034229281655e-06,
        3.7942822405925006e-06,
        2.08239550197915e-06,
        2.0379453556803575e-06,
        3.4505348395168118e-06,
        4.635861355510811e-06,
        5.198445360193526e-06,
        3.3964199112781416e-06,
        1.0822068821771876e-06,
        1.9372055335594143e-06,
        1.8641621195243864e-06,
        4.474855721013266e-06,
        1.618691197514213e-06,
        8.382879656757291e-07,
        1.4067735897701461e-06
    ],
    "p_arr": [
        0.13497662699477123,
        0.3067487612937975,
        0.5257689778244025,
        0.7122184631784724,
        0.8199203438601965,
        0.8814784381219577,
        0.9604314548071492,
        1.024565020899019,
        1.0800888679169227,
        1.0746348527465563,
        1.1140823863523979,
        1.1428864147385236,
        1.1915152522286543,
        1.2296545590405321,
        1.2958414276522137,
        1.3055212473822797,
        1.3328557900292797,
        1.402607369417054,
        1.3946788151987004,
        1.3355084302808704,
        1.3866584407545806,
        1.3601309310995535,
        1.2890197091319142,
        1.2727169411779709,
        1.240030036604557,
        1.1609707068706356,
        1.1248199572126785,
        1.0773695966985932,
        0.99909947116884,
        0.931562171532039,
        0.8706140495861706,
        0.7890656052875299,
        0.7253685859376853,
        0.6799774653515942,
        0.5369145007331168,
        0.24006898131948437,
        0.0007368694481794205,
        -0.04308545360218305
    ],
    "p_err_arr": [
        0.01659318328676081,
        0.009294337988841793,
        0.019153514016894746,
        0.011694317762077291,
        0.02076104697737394,
        0.03176403358805862,
        0.019041354764157133,
        0.03662200426064845,
        0.015556795790993408,
        0.02753865231454267,
        0.020905747810830037,
        0.020678652243406415,
        0.02644655272475943,
        0.031227132817441768,
        0.021810138645423336,
        0.011340113309726951,
        0.026836737875888268,
        0.018056674645263948,
        0.024228292474402384,
        0.02604443003908808,
        0.021528821362169007,
        0.01474822007825145,
        0.02061185396412652,
        0.026156519715325007,
        0.02435970650322091,
        0.013360379259794624,
        0.013077661861802281,
        0.022200381381963744,
        0.029845334348564435,
        0.03351077282151662,
        0.02192559803103205,
        0.007007207602768915,
        0.012546195357107071,
        0.012089545703530278,
        0.029096373478216468,
        0.010542595153291853,
        0.005471125138980163,
        0.009228371613660387
    ]
}