{
    "µW_per_ohm": [
        6.22046362495108,
        6.220461603353656,
        6.220435692601809,
        6.22034191976468,
        6.220242258472286,
        6.220177913668829,
        6.2200922860189625,
        6.22002488622633,
        6.220027630748346,
        6.2200491351396066,
        6.2200469275732395,
        6.220037523507987,
        6.220040643649849,
        6.220014329321351,
        6.2199634682377,
        6.2199277778524324,
        6.219948771174539,
        6.2199676170526805,
        6.2199871298132905,
        6.219968410503925,
        6.21992495428672,
        6.219907416465789,
        6.219874868425415,
        6.219828616320709,
        6.219840579890788,
        6.219863778189285,
        6.2198818585140385,
        6.219892451836779,
        6.2198900311150345,
        6.219856706360201,
        6.219792490844401,
        6.219776421805043,
        6.219796963874597,
        6.219847216393832,
        6.219906396057771,
        6.219925952057701,
        6.219943293515748,
        6.219934747974038,
        6.219894790343512
    ],
    "v_mean_arr": [
        -3.712407434434049e-05,
        -3.8901935000780073e-05,
        -3.8313748280002e-05,
        -3.72587442769713e-05,
        -3.632709570913428e-05,
        -3.4740304461085876e-05,
        -3.4243275275436e-05,
        -3.5969015352508396e-05,
        -3.8228477467033874e-05,
        -3.891583905437923e-05,
        -3.829386137366805e-05,
        -3.7285353102498913e-05,
        -3.6380063756931186e-05,
        -3.4610989535330645e-05,
        -3.4673358613537484e-05,
        -3.5398429136473565e-05,
        -3.869677005133489e-05,
        -3.912864865710807e-05,
        -3.8287320111947896e-05,
        -3.7145403377355455e-05,
        -3.622731571585936e-05,
        -3.438904117380796e-05,
        -3.5134348368441915e-05,
        -3.5672325403528836e-05,
        -3.9173376757113896e-05,
        -3.901071233549983e-05,
        -3.799722197247754e-05,
        -3.711974548395119e-05,
        -3.605538381364487e-05,
        -3.454796798284029e-05,
        -3.5430927156170765e-05,
        -3.557616241642969e-05,
        -3.9335665098441845e-05,
        -3.893244074853416e-05,
        -3.799963263898365e-05,
        -3.705142147009717e-05,
        -3.545655650843835e-05,
        -3.452728221182289e-05,
        -3.5402035471400445e-05
    ],
    "v_err_arr": [
        5.005464186182307e-07,
        3.0150367557082353e-07,
        4.897718261612871e-07,
        3.7677070984310857e-07,
        3.648639477728627e-07,
        3.125062537819644e-07,
        2.3559030381172564e-07,
        3.9991919867628323e-07,
        2.69721163339144e-07,
        3.526271719645364e-07,
        3.9580960171034886e-07,
        3.0640927347622925e-07,
        3.57999901021292e-07,
        2.2780089120915268e-07,
        3.269899709178949e-07,
        3.59877768878147e-07,
        2.741124168047023e-07,
        3.7221378796090175e-07,
        3.4217441254213276e-07,
        1.7840242131631546e-07,
        2.0770217116883884e-07,
        4.4173126541526924e-07,
        2.2094010840797015e-07,
        2.4765737240049606e-07,
        2.428602376353045e-07,
        3.9661986527983083e-07,
        3.605250565214113e-07,
        4.904091752717714e-07,
        3.003867256039782e-07,
        3.3392661382937816e-07,
        1.7855059563598744e-07,
        3.085618423916815e-07,
        2.4060134372356977e-07,
        4.0660036295508935e-07,
        4.435121776953443e-07,
        2.5684721820987803e-07,
        3.757966625187942e-07,
        2.4522163258238927e-07,
        3.0531661651886103e-07
    ],
    "p_arr": [
        -0.23092895406894962,
        -0.24198799296851212,
        -0.2383282073182856,
        -0.23176212890383693,
        -0.22596333585752432,
        -0.21609087452297707,
        -0.2129963323887633,
        -0.22372817062565914,
        -0.23778218612639127,
        -0.24205843105342364,
        -0.23818961478219952,
        -0.23191629537478817,
        -0.2262854751866848,
        -0.21528085086174792,
        -0.21566702389730813,
        -0.22017567267829283,
        -0.24069192732922412,
        -0.24337892754624407,
        -0.23814663833135746,
        -0.23104323560257672,
        -0.2253311850478971,
        -0.2138966522421155,
        -0.21853125043537536,
        -0.22187575035557283,
        -0.2436521584052476,
        -0.24264131661693733,
        -0.23633823162054407,
        -0.23088082474973037,
        -0.22426052235051608,
        -0.21488341034918668,
        -0.2203730146696059,
        -0.2212757761760161,
        -0.24465985035127652,
        -0.242153833217188,
        -0.23635415809906007,
        -0.23045709796248529,
        -0.2205377708658233,
        -0.21475744238242306,
        -0.22019693599611984
    ],
    "p_err_arr": [
        0.0031136307896142395,
        0.0018754920371583054,
        0.0030465941486844386,
        0.002343642640576583,
        0.0022695421465297855,
        0.001943844497657961,
        0.0014653934314001783,
        0.0024875073682461735,
        0.0016776730885670636,
        0.00219335833600474,
        0.002461954297022443,
        0.0019058771785729664,
        0.002226773934775059,
        0.0014169248075531038,
        0.0020338656735894144,
        0.0022384137312767443,
        0.0017049651900680912,
        0.002315157707737322,
        0.002128320442163489,
        0.0011096574249448942,
        0.0012918919175125925,
        0.002747527573841251,
        0.0013742198277139203,
        0.0015403864118993997,
        0.001510551961285987,
        0.002466921533764334,
        0.0022424232585972746,
        0.003050292327584391,
        0.0018683724000634714,
        0.0020769756884588104,
        0.0011105476539725097,
        0.0019191856719765043,
        0.0014964915071960074,
        0.0025289921357109345,
        0.002758604230776783,
        0.0015975706782574476,
        0.0023374339307593753,
        0.0015252625534541253,
        0.0018990372324909715
    ]
}