{
    "µW_per_ohm": [
        6.2129574516302135,
        6.212127595344258,
        6.211385408364126,
        6.210828369482718,
        6.2109360877863855,
        6.211100903335592,
        6.210956911434382,
        6.210547319850161,
        6.212365878201867,
        6.212047440898147,
        6.211376454952825,
        6.210873409218628,
        6.211028995884879,
        6.211076661388629,
        6.210883255653058,
        6.210586921329189,
        6.212236643777926,
        6.211865191656049,
        6.211198434316533,
        6.210818064010983,
        6.211014774412419,
        6.210990773152303,
        6.210765078715732,
        6.210457792078407,
        6.212011605886644,
        6.211612326568019,
        6.210967030454949,
        6.21076861581899,
        6.211011959945013,
        6.210973674910595,
        6.210784394818861,
        6.210646000250399,
        6.212076926033373,
        6.211566128325777,
        6.210787825119846,
        6.2104827131151845,
        6.210529168567641,
        6.21039339323532,
        6.210279188128465
    ],
    "v_mean_arr": [
        -1.4489161564211343e-05,
        8.562689239040502e-06,
        1.7148104110802565e-05,
        2.0146818510973375e-05,
        1.908883537503141e-05,
        1.2207349397650312e-05,
        2.5598671490816108e-06,
        -2.5049243564954687e-05,
        -9.187756523011254e-06,
        8.869823763268877e-06,
        1.6871825535639206e-05,
        1.970411037967315e-05,
        1.7728734725888813e-05,
        9.77772708323228e-06,
        5.06103184691326e-07,
        -2.027929760703402e-05,
        -1.6312725717401447e-06,
        1.0622494552182793e-05,
        1.7343030812466842e-05,
        1.9434544033630666e-05,
        1.6775711541434837e-05,
        7.663165926910684e-06,
        -1.5584795918646038e-06,
        -2.4132412098621854e-05,
        1.8678820319018534e-06,
        1.2284218277602236e-05,
        1.7977644116271866e-05,
        2.016414844434854e-05,
        1.6673005194794272e-05,
        6.308086178648807e-06,
        -3.187826436588302e-06,
        -1.2923316430056951e-05,
        5.120291301719447e-06,
        1.5493214325578866e-05,
        1.906333228809469e-05,
        1.891044017540516e-05,
        1.7844689382082944e-05,
        5.894481056707575e-06,
        -4.6049768687045725e-06
    ],
    "v_err_arr": [
        3.629072150645764e-07,
        5.08720039896839e-07,
        4.0872079218073146e-07,
        2.3916073588134704e-07,
        4.214816388434756e-07,
        4.85469612340023e-07,
        4.6293624191219637e-07,
        7.489512672286066e-07,
        3.0288340917761413e-07,
        4.237228325015054e-07,
        4.331101497536503e-07,
        4.0020640248672745e-07,
        5.132327898805809e-07,
        3.637522528197233e-07,
        1.8549411586204065e-07,
        3.881486401039409e-07,
        2.940088662254857e-07,
        3.12691411011563e-07,
        3.1064901667725993e-07,
        6.817093197970144e-07,
        3.804647693425556e-07,
        4.886910341913911e-07,
        3.232125626932654e-07,
        4.64070918764087e-07,
        3.0377229753052945e-07,
        3.031502676327675e-07,
        2.761179762765044e-07,
        3.1676818263772075e-07,
        3.735127327494611e-07,
        6.217212979615488e-07,
        4.4633933124296374e-07,
        2.324376872006764e-07,
        1.7777308339118578e-07,
        3.05728947053766e-07,
        6.626413864468802e-07,
        2.1249215267396642e-07,
        2.088008838749671e-06,
        3.3510263780510033e-07,
        1.1837420717275888e-06
    ],
    "p_arr": [
        -0.09002054430824094,
        0.05319251811220083,
        0.10651348365494794,
        0.125128431962773,
        0.11855953650459596,
        0.07582107887107904,
        0.015899224561942257,
        -0.15556951248660322,
        -0.05707770512078174,
        0.055099766009832005,
        0.1047972598841412,
        0.12237973520942073,
        0.11011368544284658,
        0.060730212488091524,
        0.0031433477954320435,
        -0.1259463404919878,
        -0.010133851246153982,
        0.0659855041572603,
        0.10772100582869744,
        0.12070441714989022,
        0.1041941922351327,
        0.04759585286517737,
        -0.009679350625043827,
        -0.14987332675953333,
        0.01160330486060144,
        0.07630480167540622,
        0.11165855489141696,
        0.12523486032287523,
        0.10355623467309256,
        0.039179357194655116,
        -0.01979890268575364,
        -0.08026214349630346,
        0.031807643449980764,
        0.09623712532365739,
        0.11839831208111257,
        0.11744296180675261,
        0.1108249639114554,
        0.03660704621112747,
        -0.028598192009528994
    ],
    "p_err_arr": [
        0.0022547270860858283,
        0.0031602337981477854,
        0.0025387223646464213,
        0.0014853862832782338,
        0.0026177955210322907,
        0.0030153007477470967,
        0.0028752770512580146,
        0.004651397285385004,
        0.001881622556248464,
        0.002632186337291091,
        0.002690210186580916,
        0.002485631303403863,
        0.0031877037395871793,
        0.0022592931280161197,
        0.0011520822982297165,
        0.0024106308677612456,
        0.0018264526523615644,
        0.0019423968917925431,
        0.0019295026860077676,
        0.004233972557799937,
        0.0023630723035300257,
        0.0030352555042849863,
        0.002007397297377552,
        0.002882092853515409,
        0.0018870370378064997,
        0.001883051939230093,
        0.0017149596471693106,
        0.001967373887216374,
        0.002319892050298648,
        0.003861494614770426,
        0.0027721173532776855,
        0.0014435881923203343,
        0.001104340069404192,
        0.0018990555719678778,
        0.004115525055364819,
        0.001319678840854301,
        0.01296763979728188,
        0.0020811192078805233,
        0.0073513687521619174
    ]
}